"x.dashed","y.dashed","x.solid","y.solid"
0,0.0078,0,0.0201
1,0.0075,1,0.0179
2,0.007,2,0.0212
3,0.0064,3,0.019
4,0.0085,4,0.0183
5,0.0085,5,0.0216
6,0.008,6,0.0217
7,0.0082,7,0.021
8,0.0095,8,0.0187
9,0.0094,9,0.0199
10,0.0083,10,0.0162
11,0.0068,11,0.0191
12,0.0092,12,0.0207
13,0.0089,13,0.022
14,0.0085,14,0.0222
15,0.0086,15,0.0215
16,0.0094,16,0.0178
17,0.0108,17,0.0185
18,0.0083,18,0.0188
19,0.0093,19,0.019
20,0.0075,20,0.021
21,0.0111,21,0.0195
22,0.01,22,0.0203
23,0.0091,23,0.0209
24,0.0119,24,0.0221
25,0.0097,25,0.0227
26,0.0107,26,0.0213
27,0.0112,27,0.0202
28,0.0107,28,0.0231
29,0.0107,29,0.0211
30,0.0105,30,0.0216
31,0.0114,31,0.0239
32,0.0134,32,0.0238
33,0.0133,33,0.0212
34,0.0112,34,0.0215
35,0.0113,35,0.022
36,0.0125,36,0.0202
37,0.0116,37,0.0228
38,0.0127,38,0.0253
39,0.0113,39,0.0214
40,0.013,40,0.024
41,0.0126,41,0.0221
42,0.0137,42,0.0223
43,0.0146,43,0.0231
44,0.0113,44,0.0217
45,0.0136,45,0.0227
46,0.0152,46,0.0224
47,0.0137,47,0.0237
48,0.016,48,0.0245
49,0.0168,49,0.0251
50,0.0127,50,0.0221
51,0.0141,51,0.0253
52,0.0157,52,0.0247
53,0.0161,53,0.0234
54,0.0144,54,0.0236
55,0.0163,55,0.0257
56,0.0157,56,0.0254
57,0.016,57,0.0248
58,0.0186,58,0.0214
59,0.0155,59,0.024
60,0.0136,60,0.0219
61,0.016,61,0.0243
62,0.0189,62,0.0245
63,0.0185,63,0.0228
64,0.0169,64,0.0235
65,0.0165,65,0.0238
66,0.0189,66,0.0215
67,0.0184,67,0.0205
68,0.0189,68,0.0244
69,0.0183,69,0.0238
70,0.0181,70,0.0231
71,0.0204,71,0.0259
72,0.019,72,0.0247
73,0.0177,73,0.0251
74,0.0189,74,0.0258
75,0.0188,75,0.0248
76,0.0207,76,0.0253
77,0.0188,77,0.0253
78,0.0189,78,0.0242
79,0.02,79,0.0264
80,0.0189,80,0.0269
81,0.0201,81,0.0229
82,0.0212,82,0.0264
83,0.0219,83,0.0245
84,0.0219,84,0.0268
85,0.0248,85,0.0271
86,0.0229,86,0.0247
87,0.0236,87,0.0258
88,0.0218,88,0.0277
89,0.0255,89,0.0263
90,0.0262,90,0.0278
91,0.0251,91,0.0276
92,0.0236,92,0.0249
93,0.0236,93,0.0264
94,0.0246,94,0.0241
95,0.0245,95,0.0252
96,0.0262,96,0.0266
97,0.0288,97,0.026
98,0.023,98,0.0275
99,0.0272,99,0.028
100,0.028,100,0.0278
101,0.0238,101,0.0295
102,0.028,102,0.0255
103,0.0259,103,0.0247
104,0.0265,104,0.0281
105,0.0265,105,0.0303
106,0.0277,106,0.028
107,0.0306,107,0.029
108,0.0302,108,0.0264
109,0.0297,109,0.0323
110,0.0316,110,0.0273
111,0.0282,111,0.0264
112,0.0283,112,0.0291
113,0.0325,113,0.03
114,0.0314,114,0.0293
115,0.0288,115,0.0292
116,0.032,116,0.0276
117,0.0315,117,0.0299
118,0.0346,118,0.0327
119,0.0383,119,0.0332
120,0.0342,120,0.0279
121,0.0317,121,0.0289
122,0.0339,122,0.0309
123,0.0352,123,0.0326
124,0.0355,124,0.0338
125,0.0348,125,0.0296
126,0.0353,126,0.0326
127,0.0364,127,0.0301
128,0.0366,128,0.032
129,0.0372,129,0.0295
130,0.0378,130,0.0314
131,0.038,131,0.0342
132,0.0362,132,0.0331
133,0.041,133,0.0286
134,0.0373,134,0.0349
135,0.0385,135,0.0345
136,0.0408,136,0.0289
137,0.0426,137,0.0339
138,0.0409,138,0.0318
139,0.0435,139,0.0328
140,0.0417,140,0.0354
141,0.0421,141,0.0337
142,0.0413,142,0.0313
143,0.0421,143,0.0322
144,0.0436,144,0.0305
145,0.0486,145,0.0343
146,0.0436,146,0.0317
147,0.0475,147,0.0358
148,0.0484,148,0.0363
149,0.045,149,0.0367
150,0.046,150,0.0334
151,0.0422,151,0.0374
152,0.0493,152,0.0353
153,0.0501,153,0.0403
154,0.0483,154,0.0351
155,0.0533,155,0.0377
156,0.0488,156,0.0336
157,0.0508,157,0.0374
158,0.0517,158,0.0357
159,0.0576,159,0.0388
160,0.0499,160,0.0366
161,0.0499,161,0.0367
162,0.0514,162,0.0349
163,0.0517,163,0.0374
164,0.0554,164,0.0397
165,0.0524,165,0.0385
166,0.0542,166,0.0333
167,0.0557,167,0.0378
168,0.0589,168,0.0347
169,0.0541,169,0.0365
170,0.0573,170,0.0376
171,0.0608,171,0.0368
172,0.0581,172,0.037
173,0.0551,173,0.0363
174,0.059,174,0.0359
175,0.0556,175,0.035
176,0.0627,176,0.0389
177,0.0622,177,0.043
178,0.0586,178,0.0392
179,0.0612,179,0.0393
180,0.0611,180,0.0394
181,0.0642,181,0.0399
182,0.0612,182,0.0419
183,0.0641,183,0.04
184,0.0651,184,0.0407
185,0.0631,185,0.0392
186,0.068,186,0.0411
187,0.0674,187,0.0418
188,0.0707,188,0.0439
189,0.0685,189,0.042
190,0.0691,190,0.0417
191,0.0677,191,0.0437
192,0.0687,192,0.0412
193,0.0707,193,0.0425
194,0.0688,194,0.0449
195,0.0702,195,0.0418
196,0.0709,196,0.0454
197,0.071,197,0.0452
198,0.0739,198,0.0427
199,0.0718,199,0.0465
200,0.0707,200,0.0419
201,0.0788,201,0.0435
202,0.0737,202,0.049
203,0.0738,203,0.0454
204,0.073,204,0.0485
205,0.079,205,0.0467
206,0.0796,206,0.0474
207,0.0766,207,0.0516
208,0.079,208,0.0463
209,0.0824,209,0.046
210,0.0768,210,0.0473
211,0.0844,211,0.0512
212,0.0853,212,0.0447
213,0.0878,213,0.0499
214,0.0826,214,0.0448
215,0.0862,215,0.0488
216,0.0875,216,0.0474
217,0.0839,217,0.0464
218,0.0898,218,0.0542
219,0.0847,219,0.0497
220,0.0873,220,0.0545
221,0.091,221,0.0496
222,0.0942,222,0.0521
223,0.0912,223,0.0467
224,0.0973,224,0.0553
225,0.0899,225,0.0558
226,0.0953,226,0.0499
227,0.0909,227,0.0523
228,0.1015,228,0.0553
229,0.0947,229,0.0562
230,0.0976,230,0.0578
231,0.0983,231,0.0539
232,0.1006,232,0.0515
233,0.1001,233,0.0534
234,0.1014,234,0.0543
235,0.1021,235,0.0544
236,0.1073,236,0.0551
237,0.0998,237,0.0602
238,0.1015,238,0.057
239,0.104,239,0.0561
240,0.1018,240,0.0636
241,0.1069,241,0.0602
242,0.103,242,0.0593
243,0.1057,243,0.0585
244,0.1104,244,0.0582
245,0.1094,245,0.0611
246,0.1082,246,0.0646
247,0.1102,247,0.0621
248,0.1107,248,0.0637
249,0.1189,249,0.0598
250,0.1213,250,0.06
251,0.1173,251,0.0672
252,0.1226,252,0.064
253,0.1174,253,0.0659
254,0.1182,254,0.0694
255,0.121,255,0.0707
256,0.1243,256,0.0699
257,0.1204,257,0.0655
258,0.1315,258,0.0684
259,0.1252,259,0.0692
260,0.1175,260,0.0722
261,0.124,261,0.0698
262,0.1267,262,0.0745
263,0.1322,263,0.0758
264,0.1257,264,0.0711
265,0.1278,265,0.0719
266,0.1321,266,0.0741
267,0.1369,267,0.0736
268,0.1307,268,0.0761
269,0.1383,269,0.077
270,0.134,270,0.0786
271,0.1379,271,0.0828
272,0.1371,272,0.0776
273,0.1368,273,0.0777
274,0.1334,274,0.0812
275,0.1402,275,0.079
276,0.1428,276,0.0822
277,0.1429,277,0.0828
278,0.1436,278,0.0853
279,0.1454,279,0.0828
280,0.1491,280,0.0813
281,0.1499,281,0.0897
282,0.1489,282,0.0882
283,0.1498,283,0.0865
284,0.1501,284,0.0887
285,0.146,285,0.0871
286,0.1574,286,0.0935
287,0.1562,287,0.0913
288,0.1534,288,0.0942
289,0.1567,289,0.0924
290,0.1547,290,0.0985
291,0.1614,291,0.0978
292,0.1583,292,0.0982
293,0.1597,293,0.1012
294,0.1538,294,0.0944
295,0.1622,295,0.0991
296,0.1653,296,0.1016
297,0.1619,297,0.0977
298,0.1666,298,0.1033
299,0.1691,299,0.1057
300,0.1665,300,0.1029
301,0.1685,301,0.109
302,0.1705,302,0.1047
303,0.1745,303,0.1119
304,0.1654,304,0.1077
305,0.1719,305,0.1061
306,0.1729,306,0.11
307,0.1804,307,0.109
308,0.1869,308,0.1166
309,0.1821,309,0.113
310,0.1773,310,0.1176
311,0.18,311,0.1156
312,0.1787,312,0.1191
313,0.1904,313,0.1206
314,0.1873,314,0.1195
315,0.175,315,0.1207
316,0.187,316,0.1273
317,0.1894,317,0.1239
318,0.1786,318,0.1294
319,0.1925,319,0.1293
320,0.1975,320,0.1308
321,0.1959,321,0.1339
322,0.1932,322,0.1265
323,0.1952,323,0.135
324,0.1956,324,0.1377
325,0.1998,325,0.1342
326,0.1941,326,0.1378
327,0.2065,327,0.1371
328,0.2034,328,0.1433
329,0.2177,329,0.1436
330,0.2066,330,0.1436
331,0.2043,331,0.1462
332,0.211,332,0.1444
333,0.2085,333,0.1525
334,0.1987,334,0.1478
335,0.2162,335,0.1546
336,0.2085,336,0.1478
337,0.2184,337,0.1543
338,0.2211,338,0.1522
339,0.2152,339,0.1632
340,0.221,340,0.1528
341,0.2201,341,0.1587
342,0.221,342,0.1664
343,0.2264,343,0.1669
344,0.2346,344,0.1677
345,0.2239,345,0.1651
346,0.226,346,0.1733
347,0.2346,347,0.1719
348,0.2316,348,0.1758
349,0.2358,349,0.1661
350,0.233,350,0.178
351,0.231,351,0.1759
352,0.237,352,0.1817
353,0.2443,353,0.1824
354,0.2377,354,0.1784
355,0.2467,355,0.1827
356,0.2489,356,0.1835
357,0.2463,357,0.1895
358,0.2521,358,0.1856
359,0.2483,359,0.1868
360,0.2468,360,0.197
361,0.25,361,0.1953
362,0.245,362,0.1927
363,0.2607,363,0.2006
364,0.2579,364,0.1994
365,0.2624,365,0.2002
366,0.2611,366,0.2081
367,0.2623,367,0.2006
368,0.2666,368,0.2061
369,0.2561,369,0.22
370,0.2729,370,0.2075
371,0.2632,371,0.2114
372,0.2647,372,0.2131
373,0.2701,373,0.2058
374,0.2752,374,0.2155
375,0.2701,375,0.2119
376,0.2794,376,0.2171
377,0.2721,377,0.2256
378,0.275,378,0.2317
379,0.2774,379,0.2277
380,0.2904,380,0.2359
381,0.2663,381,0.227
382,0.2765,382,0.2303
383,0.2908,383,0.2309
384,0.2903,384,0.242
385,0.2864,385,0.2401
386,0.2837,386,0.2388
387,0.2969,387,0.2336
388,0.292,388,0.2489
389,0.2869,389,0.2432
390,0.2941,390,0.2427
391,0.298,391,0.2426
392,0.3012,392,0.2454
393,0.3007,393,0.2516
394,0.3033,394,0.2542
395,0.2951,395,0.2509
396,0.2958,396,0.2611
397,0.3036,397,0.2591
398,0.311,398,0.2672
399,0.3058,399,0.2716
400,0.3103,400,0.2632
401,0.3106,401,0.2699
402,0.3173,402,0.2694
403,0.3181,403,0.2705
404,0.3152,404,0.2694
405,0.3121,405,0.2718
406,0.321,406,0.2826
407,0.3282,407,0.2735
408,0.3232,408,0.2782
409,0.3169,409,0.2837
410,0.3251,410,0.2864
411,0.3296,411,0.2879
412,0.3286,412,0.2908
413,0.3325,413,0.2935
414,0.3268,414,0.2929
415,0.3347,415,0.288
416,0.3361,416,0.2976
417,0.3393,417,0.2961
418,0.3464,418,0.3011
419,0.3389,419,0.3034
420,0.3496,420,0.3041
421,0.3407,421,0.307
422,0.344,422,0.3087
423,0.3497,423,0.3102
424,0.352,424,0.3147
425,0.3579,425,0.3148
426,0.3472,426,0.3121
427,0.3532,427,0.3259
428,0.3516,428,0.3057
429,0.3608,429,0.3228
430,0.3619,430,0.3207
431,0.3589,431,0.3214
432,0.3687,432,0.3242
433,0.3625,433,0.3234
434,0.3687,434,0.3264
435,0.3746,435,0.3301
436,0.368,436,0.3309
437,0.3785,437,0.3322
438,0.3697,438,0.3375
439,0.3794,439,0.339
440,0.3847,440,0.3456
441,0.3749,441,0.341
442,0.3797,442,0.3386
443,0.3897,443,0.3408
444,0.3935,444,0.3446
445,0.3884,445,0.3493
446,0.3938,446,0.3474
447,0.3881,447,0.3575
448,0.3873,448,0.3636
449,0.3998,449,0.3618
450,0.3875,450,0.3548
451,0.4022,451,0.3633
452,0.4059,452,0.351
453,0.4187,453,0.3716
454,0.4011,454,0.3673
455,0.4014,455,0.3706
456,0.407,456,0.3634
457,0.404,457,0.3749
458,0.4103,458,0.3641
459,0.409,459,0.3674
460,0.42,460,0.381
461,0.425,461,0.3727
462,0.4195,462,0.3744
463,0.4139,463,0.3778
464,0.4345,464,0.3821
465,0.4249,465,0.3791
466,0.4217,466,0.3812
467,0.4205,467,0.3893
468,0.4319,468,0.396
469,0.4245,469,0.3994
470,0.4257,470,0.3938
471,0.4322,471,0.3945
472,0.436,472,0.3908
473,0.4383,473,0.4019
474,0.4317,474,0.3985
475,0.4435,475,0.4037
476,0.4453,476,0.4042
477,0.4444,477,0.4033
478,0.4487,478,0.407
479,0.4409,479,0.4087
480,0.4504,480,0.411
481,0.4608,481,0.4036
482,0.4498,482,0.4127
483,0.446,483,0.4117
484,0.4546,484,0.4198
485,0.4555,485,0.4206
486,0.4555,486,0.4225
487,0.4594,487,0.4189
488,0.4729,488,0.421
489,0.4574,489,0.4123
490,0.4731,490,0.4286
491,0.4753,491,0.4288
492,0.4746,492,0.4302
493,0.4777,493,0.4305
494,0.4692,494,0.4319
495,0.4817,495,0.4303
496,0.4713,496,0.4282
497,0.4907,497,0.4414
498,0.4857,498,0.4322
499,0.4796,499,0.4381
500,0.4827,500,0.442
501,0.4888,501,0.4439
502,0.4949,502,0.442
503,0.4912,503,0.4375
504,0.4974,504,0.4377
505,0.4871,505,0.4542
506,0.5002,506,0.4497
507,0.4935,507,0.4539
508,0.504,508,0.4565
509,0.5157,509,0.453
510,0.5101,510,0.4561
511,0.5102,511,0.4585
512,0.5058,512,0.4604
513,0.5135,513,0.4556
514,0.5134,514,0.4506
515,0.5183,515,0.4577
516,0.5191,516,0.4645
517,0.5145,517,0.4642
518,0.5235,518,0.468
519,0.5292,519,0.4609
520,0.5226,520,0.471
521,0.5268,521,0.4706
522,0.5211,522,0.4746
523,0.5391,523,0.4702
524,0.52,524,0.4663
525,0.5212,525,0.468
526,0.5293,526,0.4821
527,0.545,527,0.4814
528,0.5371,528,0.4784
529,0.541,529,0.4812
530,0.5338,530,0.4871
531,0.5463,531,0.4845
532,0.5433,532,0.4811
533,0.5468,533,0.4963
534,0.5479,534,0.484
535,0.5547,535,0.4915
536,0.5563,536,0.4979
537,0.5563,537,0.4902
538,0.5548,538,0.4975
539,0.5561,539,0.4943
540,0.5569,540,0.4946
541,0.5585,541,0.509
542,0.5603,542,0.4921
543,0.5667,543,0.5026
544,0.5717,544,0.4986
545,0.5679,545,0.506
546,0.5678,546,0.5072
547,0.5673,547,0.5119
548,0.5785,548,0.5075
549,0.5797,549,0.509
550,0.5752,550,0.5171
551,0.5749,551,0.5208
552,0.5834,552,0.5237
553,0.5867,553,0.5146
554,0.5823,554,0.5208
555,0.5881,555,0.5177
556,0.5825,556,0.5307
557,0.5806,557,0.5258
558,0.5886,558,0.5303
559,0.5967,559,0.5344
560,0.5958,560,0.517
561,0.589,561,0.5315
562,0.6021,562,0.5354
563,0.6102,563,0.5306
564,0.5979,564,0.5315
565,0.6028,565,0.5401
566,0.6087,566,0.5384
567,0.6089,567,0.54
568,0.6087,568,0.5391
569,0.6072,569,0.5363
570,0.6106,570,0.5479
571,0.6129,571,0.548
572,0.6161,572,0.5488
573,0.6224,573,0.5531
574,0.6198,574,0.5442
575,0.6232,575,0.5518
576,0.6215,576,0.5452
577,0.6253,577,0.5509
578,0.6317,578,0.5474
579,0.6258,579,0.5513
580,0.6274,580,0.5505
581,0.6316,581,0.5659
582,0.6267,582,0.5632
583,0.6377,583,0.5562
584,0.6386,584,0.5684
585,0.6312,585,0.5649
586,0.6363,586,0.5662
587,0.6395,587,0.5732
588,0.6455,588,0.5651
589,0.6542,589,0.5755
590,0.6484,590,0.5755
591,0.6496,591,0.5758
592,0.647,592,0.5721
593,0.6496,593,0.5769
594,0.6537,594,0.5767
595,0.6575,595,0.5701
596,0.6557,596,0.5774
597,0.6572,597,0.5777
598,0.6552,598,0.5896
599,0.6588,599,0.5842
600,0.6611,600,0.5799
601,0.6672,601,0.5824
602,0.6648,602,0.5934
603,0.6703,603,0.5819
604,0.657,604,0.5838
605,0.6764,605,0.5924
606,0.6714,606,0.5961
607,0.6701,607,0.5888
608,0.6817,608,0.6022
609,0.6783,609,0.597
610,0.6806,610,0.5932
611,0.6765,611,0.6022
612,0.6847,612,0.6057
613,0.6779,613,0.6069
614,0.6916,614,0.6011
615,0.6869,615,0.6032
616,0.6797,616,0.616
617,0.6901,617,0.6104
618,0.6859,618,0.6061
619,0.6996,619,0.6105
620,0.6982,620,0.6222
621,0.6943,621,0.6131
622,0.6945,622,0.6227
623,0.696,623,0.624
624,0.6972,624,0.6134
625,0.7046,625,0.6258
626,0.6982,626,0.6255
627,0.7153,627,0.6342
628,0.702,628,0.6232
629,0.701,629,0.6286
630,0.7041,630,0.6304
631,0.7192,631,0.6348
632,0.7135,632,0.6357
633,0.7158,633,0.6309
634,0.7177,634,0.6366
635,0.7145,635,0.639
636,0.7203,636,0.6371
637,0.7181,637,0.6418
638,0.7246,638,0.644
639,0.7292,639,0.6337
640,0.7239,640,0.6408
641,0.7264,641,0.6463
642,0.7307,642,0.6492
643,0.7287,643,0.6435
644,0.7314,644,0.6441
645,0.7271,645,0.6512
646,0.7267,646,0.6574
647,0.728,647,0.6517
648,0.7349,648,0.6614
649,0.7353,649,0.6527
650,0.7442,650,0.6586
651,0.7391,651,0.6587
652,0.7429,652,0.6595
653,0.739,653,0.6541
654,0.7396,654,0.6595
655,0.7402,655,0.6663
656,0.7451,656,0.6634
657,0.7538,657,0.6649
658,0.7443,658,0.672
659,0.7593,659,0.6774
660,0.7614,660,0.6747
661,0.7614,661,0.6649
662,0.7618,662,0.6785
663,0.7544,663,0.6807
664,0.7551,664,0.6806
665,0.7616,665,0.6795
666,0.7678,666,0.6883
667,0.7623,667,0.681
668,0.7607,668,0.6915
669,0.7713,669,0.6891
670,0.7711,670,0.6869
671,0.7691,671,0.6913
672,0.7673,672,0.6923
673,0.7698,673,0.6876
674,0.773,674,0.6983
675,0.7784,675,0.7033
676,0.7725,676,0.6993
677,0.7767,677,0.6899
678,0.7784,678,0.7069
679,0.7787,679,0.6999
680,0.7806,680,0.6975
681,0.7787,681,0.6992
682,0.7795,682,0.7012
683,0.7845,683,0.708
684,0.7798,684,0.7022
685,0.7815,685,0.7108
686,0.7855,686,0.7118
687,0.7916,687,0.7127
688,0.785,688,0.7077
689,0.7877,689,0.7068
690,0.7947,690,0.7137
691,0.7931,691,0.7187
692,0.7968,692,0.7153
693,0.7952,693,0.7167
694,0.8016,694,0.7111
695,0.7986,695,0.7256
696,0.7956,696,0.7293
697,0.8057,697,0.7302
698,0.8051,698,0.7308
699,0.8057,699,0.7271
700,0.8058,700,0.7335
701,0.795,701,0.7291
702,0.806,702,0.734
703,0.8089,703,0.7336
704,0.803,704,0.7341
705,0.8103,705,0.7341
706,0.8092,706,0.7441
707,0.8144,707,0.7362
708,0.8144,708,0.7378
709,0.8168,709,0.7415
710,0.8197,710,0.7448
711,0.8135,711,0.7462
712,0.8222,712,0.7506
713,0.8199,713,0.7501
714,0.826,714,0.7536
715,0.8195,715,0.753
716,0.8234,716,0.7475
717,0.824,717,0.757
718,0.828,718,0.7614
719,0.8261,719,0.7553
720,0.824,720,0.7544
721,0.83,721,0.7572
722,0.8283,722,0.7597
723,0.8311,723,0.7648
724,0.8331,724,0.7574
725,0.8374,725,0.7699
726,0.8381,726,0.7595
727,0.8246,727,0.7653
728,0.8387,728,0.7812
729,0.838,729,0.7692
730,0.8394,730,0.7717
731,0.8426,731,0.7758
732,0.8366,732,0.7816
733,0.8393,733,0.773
734,0.84,734,0.7788
735,0.8503,735,0.7718
736,0.8461,736,0.7808
737,0.8508,737,0.7816
738,0.8521,738,0.7785
739,0.8495,739,0.779
740,0.852,740,0.7823
741,0.8485,741,0.7883
742,0.8504,742,0.7868
743,0.8501,743,0.7821
744,0.8543,744,0.7893
745,0.8524,745,0.7901
746,0.8606,746,0.7962
747,0.8602,747,0.7963
748,0.8565,748,0.797
749,0.8597,749,0.7957
750,0.86,750,0.7991
751,0.8656,751,0.7959
752,0.8623,752,0.8001
753,0.86,753,0.7971
754,0.8624,754,0.8016
755,0.8662,755,0.797
756,0.8632,756,0.8099
757,0.8621,757,0.8029
758,0.8687,758,0.8027
759,0.869,759,0.8073
760,0.8738,760,0.8143
761,0.8764,761,0.8065
762,0.8688,762,0.8083
763,0.873,763,0.8144
764,0.8743,764,0.8091
765,0.8723,765,0.8089
766,0.8777,766,0.8174
767,0.8775,767,0.8155
768,0.874,768,0.8121
769,0.8786,769,0.8169
770,0.8835,770,0.8176
771,0.877,771,0.8206
772,0.8811,772,0.8201
773,0.879,773,0.8232
774,0.884,774,0.8215
775,0.8872,775,0.8265
776,0.8786,776,0.8295
777,0.8901,777,0.823
778,0.8872,778,0.8225
779,0.8902,779,0.8288
780,0.8834,780,0.8297
781,0.8863,781,0.8293
782,0.8908,782,0.823
783,0.8894,783,0.8292
784,0.8921,784,0.8259
785,0.8901,785,0.8265
786,0.8848,786,0.8371
787,0.8988,787,0.8338
788,0.8876,788,0.8384
789,0.8904,789,0.836
790,0.8937,790,0.8363
791,0.8941,791,0.8411
792,0.8985,792,0.8425
793,0.8983,793,0.8363
794,0.8975,794,0.8401
795,0.8999,795,0.8461
796,0.8992,796,0.8472
797,0.9035,797,0.8455
798,0.8981,798,0.8416
799,0.8993,799,0.838
800,0.9026,800,0.8446
801,0.8992,801,0.843
802,0.9077,802,0.8492
803,0.9078,803,0.852
804,0.9023,804,0.8504
805,0.9052,805,0.8461
806,0.9064,806,0.8507
807,0.9055,807,0.8516
808,0.9064,808,0.8531
809,0.9083,809,0.849
810,0.9092,810,0.8561
811,0.912,811,0.8514
812,0.9111,812,0.8539
813,0.911,813,0.8586
814,0.912,814,0.8529
815,0.9149,815,0.8606
816,0.9097,816,0.8581
817,0.9135,817,0.8531
818,0.922,818,0.8574
819,0.9164,819,0.864
820,0.9176,820,0.8584
821,0.9164,821,0.8648
822,0.9192,822,0.8627
823,0.9189,823,0.8625
824,0.9195,824,0.8612
825,0.9217,825,0.8641
826,0.9211,826,0.8663
827,0.9178,827,0.8569
828,0.9195,828,0.8745
829,0.9283,829,0.8679
830,0.9241,830,0.8649
831,0.9228,831,0.8622
832,0.9279,832,0.8718
833,0.929,833,0.8637
834,0.9218,834,0.8709
835,0.9254,835,0.8744
836,0.9278,836,0.8721
837,0.9274,837,0.8658
838,0.9244,838,0.8719
839,0.9313,839,0.8699
840,0.927,840,0.8731
841,0.9286,841,0.8705
842,0.9332,842,0.8719
843,0.9315,843,0.8709
844,0.933,844,0.8765
845,0.9288,845,0.8751
846,0.9301,846,0.876
847,0.9344,847,0.8771
848,0.9303,848,0.8822
849,0.9352,849,0.8725
850,0.9312,850,0.8798
851,0.9297,851,0.8761
852,0.9309,852,0.8762
853,0.938,853,0.8796
854,0.9343,854,0.873
855,0.9321,855,0.8782
856,0.939,856,0.877
857,0.938,857,0.8821
858,0.9388,858,0.8853
859,0.9373,859,0.8821
860,0.9413,860,0.8803
861,0.9412,861,0.8803
862,0.9454,862,0.8843
863,0.9427,863,0.8869
864,0.9431,864,0.8885
865,0.9408,865,0.878
866,0.9426,866,0.8865
867,0.9449,867,0.8826
868,0.9483,868,0.8863
869,0.9477,869,0.8861
870,0.9447,870,0.8827
871,0.9487,871,0.8809
872,0.9492,872,0.8864
873,0.9482,873,0.8919
874,0.949,874,0.8815
875,0.9477,875,0.8829
876,0.945,876,0.8924
877,0.949,877,0.8856
878,0.9455,878,0.8877
879,0.9486,879,0.8933
880,0.9481,880,0.8885
881,0.9478,881,0.8951
882,0.9466,882,0.8948
883,0.9486,883,0.884
884,0.9494,884,0.8871
885,0.9466,885,0.8902
886,0.9509,886,0.8984
887,0.9545,887,0.8931
888,0.9546,888,0.8929
889,0.954,889,0.8913
890,0.952,890,0.8893
891,0.9536,891,0.8938
892,0.9564,892,0.8952
893,0.95,893,0.8905
894,0.9558,894,0.8962
895,0.9559,895,0.8926
896,0.9593,896,0.8927
897,0.9604,897,0.8898
898,0.9587,898,0.892
899,0.9599,899,0.892
900,0.9586,900,0.8974
901,0.9574,901,0.8908
902,0.9552,902,0.8968
903,0.959,903,0.9023
904,0.9611,904,0.9026
905,0.9655,905,0.8974
906,0.9593,906,0.8973
907,0.9606,907,0.8975
908,0.9591,908,0.9015
909,0.9645,909,0.8965
910,0.9623,910,0.9009
911,0.9629,911,0.9036
912,0.962,912,0.8919
913,0.9616,913,0.8959
914,0.9647,914,0.897
915,0.9619,915,0.9011
916,0.9647,916,0.896
917,0.9652,917,0.9047
918,0.9662,918,0.9016
919,0.9631,919,0.9062
920,0.9669,920,0.8938
921,0.9647,921,0.8986
922,0.9651,922,0.8976
923,0.9663,923,0.9034
924,0.967,924,0.8971
925,0.9688,925,0.9008
926,0.9683,926,0.9052
927,0.9704,927,0.9064
928,0.9695,928,0.9022
929,0.9681,929,0.9014
930,0.965,930,0.9057
931,0.9675,931,0.9046
932,0.9676,932,0.9012
933,0.9701,933,0.9048
934,0.9704,934,0.9074
935,0.9663,935,0.9054
936,0.9696,936,0.9023
937,0.9704,937,0.9009
938,0.9722,938,0.9074
939,0.9703,939,0.9012
940,0.9724,940,0.8978
941,0.9718,941,0.8999
942,0.9725,942,0.9026
943,0.9708,943,0.9024
944,0.9715,944,0.906
945,0.9721,945,0.9036
946,0.9711,946,0.9022
947,0.9738,947,0.9038
948,0.9736,948,0.9075
949,0.9756,949,0.9066
950,0.9724,950,0.9074
951,0.9729,951,0.9016
952,0.9752,952,0.9072
953,0.9745,953,0.9055
954,0.9731,954,0.9096
955,0.9748,955,0.904
956,0.9763,956,0.9059
957,0.9748,957,0.906
958,0.9722,958,0.9039
959,0.9769,959,0.9027
960,0.9749,960,0.9074
961,0.976,961,0.9102
962,0.976,962,0.9049
963,0.9765,963,0.9064
964,0.9767,964,0.9105
965,0.9758,965,0.9077
966,0.9783,966,0.9105
967,0.9785,967,0.9046
968,0.9784,968,0.9126
969,0.9796,969,0.9081
970,0.9793,970,0.9093
971,0.98,971,0.9068
972,0.9776,972,0.9109
973,0.9791,973,0.908
974,0.981,974,0.9064
975,0.9788,975,0.9109
976,0.977,976,0.9078
977,0.9825,977,0.906
978,0.9794,978,0.9114
979,0.9797,979,0.9102
980,0.9833,980,0.9122
981,0.9791,981,0.9078
982,0.9786,982,0.9056
983,0.9818,983,0.9041
984,0.9813,984,0.9101
985,0.9805,985,0.9092
986,0.9826,986,0.9125
987,0.9813,987,0.9144
988,0.9829,988,0.9113
989,0.9811,989,0.9084
990,0.9826,990,0.9039
991,0.9847,991,0.9095
992,0.9843,992,0.911
993,0.9832,993,0.912
994,0.9837,994,0.914
995,0.9828,995,0.908
996,0.9821,996,0.9113
997,0.9819,997,0.9137
998,0.9827,998,0.914
999,0.9838,999,0.9101
1000,0.9834,1000,0.9079
1001,0.9865,1001,0.9065
1002,0.9839,1002,0.9069
1003,0.9842,1003,0.912
1004,0.986,1004,0.9104
1005,0.984,1005,0.9111
1006,0.9841,1006,0.9129
1007,0.9873,1007,0.915
1008,0.986,1008,0.9123
1009,0.9851,1009,0.9152
1010,0.9869,1010,0.9117
1011,0.9854,1011,0.9151
1012,0.9877,1012,0.9134
1013,0.988,1013,0.9159
1014,0.9869,1014,0.9114
1015,0.987,1015,0.9166
1016,0.9859,1016,0.9102
1017,0.9867,1017,0.9128
1018,0.9889,1018,0.9145
1019,0.9859,1019,0.9142
1020,0.9872,1020,0.9132
1021,0.987,1021,0.9166
1022,0.9879,1022,0.9141
1023,0.9867,1023,0.9137
1024,0.9872,1024,0.9149
1025,0.9881,1025,0.9125
1026,0.9886,1026,0.919
1027,0.9875,1027,0.9171
1028,0.9891,1028,0.9132
1029,0.9896,1029,0.9162
1030,0.991,1030,0.909
1031,0.9889,1031,0.913
1032,0.9903,1032,0.9145
1033,0.9901,1033,0.9169
1034,0.9886,1034,0.9075
1035,0.9891,1035,0.9154
1036,0.9892,1036,0.9135
1037,0.9898,1037,0.9109
1038,0.9897,1038,0.9133
1039,0.9904,1039,0.9132
1040,0.9892,1040,0.9121
1041,0.9911,1041,0.9187
1042,0.9896,1042,0.9163
1043,0.9888,1043,0.9154
1044,0.988,1044,0.91
1045,0.991,1045,0.9158
1046,0.9912,1046,0.9176
1047,0.9921,1047,0.9158
1048,0.9871,1048,0.9146
1049,0.9911,1049,0.9179
1050,0.9916,1050,0.9182
1051,0.9919,1051,0.9148
1052,0.9907,1052,0.9152
1053,0.9909,1053,0.9148
1054,0.991,1054,0.9179
1055,0.9932,1055,0.9179
1056,0.9932,1056,0.917
1057,0.9923,1057,0.918
1058,0.9924,1058,0.9171
1059,0.9926,1059,0.9181
1060,0.9921,1060,0.9106
1061,0.9903,1061,0.9201
1062,0.9933,1062,0.9222
1063,0.9936,1063,0.931
1064,0.9921,1064,0.9351
1065,0.994,1065,0.9505
1066,0.9956,1066,0.981
